# concurso;1273
odd_mandante;odd_empate;odd_visitante;time_mandante;time_visitante
1.8193103448275862;3.984827586206897;3.6993103448275853;PORTUGAL;NORUEGA
1.359375;4.5103125;7.8971875;ATLETICO/GO;AMERICA/MG
1.1372413793103444;6.940689655172413;14.87103448275862;CUIABA/MT;PONTE PRETA/SP
2.35;2.8;3.0;FLORESTA/CE;BOTAFOGO/PB
2.1;3.0;3.3;SANTA CRUZ/PE;MARINGA/PR
2.373333333333333;2.971666666666667;2.957333333333333;BOTAFOGO/SP;VILA NOVA/GO
2.0420000000000003;3.4052500000000014;3.43325;ATLETICO/MG;BRAGANTINO/SP
1.95;3.2;3.4;INTER LIMEIRA/SP;BRUSQUE/SC
2.5;3.0;2.55;PAYSANDU/PA;FERROVIARIA/SP
1.0713333333333337;11.232666666666665;27.396666666666665;ESPANHA;REPUBLICA TCHECA
1.3288;4.788399999999999;9.126;SUICA;ESLOVENIA
3.3685714285714288;3.5942857142857143;2.013928571428572;GRECIA;ALEMANHA
4.0596428571428556;3.7985714285714285;1.787142857142857;PAIS DE GALES;DINAMARCA
1.2130434782608694;6.251304347826087;10.84913043478261;HOLANDA;SERVIA/SER
